posX	posY
40	432
40	432
40	432
40	432
40	432
40	432
40	432
40	432
40	432
40	432
40	432
40	432
40	432
40	432
40	432
40	432
40	432
40.0625	432
40.125	432
40.25	432
40.375	432
40.5625	432
40.8125	432
41.0625	432
41.375	432
41.6875	432
42.0625	432
42.5	432
42.9375	432
43.4375	432
43.9375	432
44.5	432
45.125	432
45.75	432
46.4375	432
47.125	432
47.875	432
48.6875	432
49.5	432
50.375	432
51.25	432
52.1875	432
53.1875	432
54.1875	432
55.25	432
56.3125	428
57.4375	424.1171875
58.625	420.3515625
59.8125	416.703125
61.0625	413.171875
62.3125	409.7578125
63.625	406.4609375
64.9375	403.28125
66.3125	400.21875
67.75	397.2734375
69.1875	394.4453125
70.6875	391.9921875
72.1875	389.9140625
73.6875	388.2109375
75.1875	386.8828125
76.6875	385.9296875
78.1875	385.3515625
79.6875	385.1484375
81.1875	385.3203125
82.6875	385.8671875
84.1875	386.7890625
85.6875	388.0859375
87.1875	389.7578125
88.6875	391.8046875
90.1875	394.2265625
91.6875	397.0234375
93.1875	400.1953125
94.6875	403.7421875
96.1875	407.6640625
97.6875	411.9609375
99.1875	415.9609375
100.6875	420.3359375
102.1875	424.3359375
103.6875	428.7109375
105.1875	432.7109375
106.6875	432.7109375
108.1875	432.7109375
109.6875	432.7109375
111.1875	432.7109375
112.6875	432.7109375
114.1875	432.7109375
115.6875	432.7109375
117.1875	432.7109375
118.6875	432.7109375
120.1875	432.7109375
121.6875	432.7109375
123.1875	432.7109375
124.6875	428
126.1875	424.1171875
127.6875	420.3515625
129.1875	416.703125
130.6875	413.171875
132.1875	409.7578125
133.6875	406.4609375
135.1875	403.28125
136.6875	400.21875
138.1875	397.53125
139.6875	395.21875
141.1875	393.28125
142.6875	391.71875
144.1875	390.53125
145.6875	389.71875
147.1875	389.28125
148.6875	389.21875
150.1875	389.53125
151.6875	390.21875
153.1875	391.28125
154.6875	392.71875
156.1875	394.53125
157.6875	396.71875
159.1875	399.28125
160.6875	402.21875
162.1875	405.53125
163.6875	409.21875
165.1875	413.28125
166.6875	417.71875
168.1875	421.71875
169.6875	426.09375
171.1875	430.09375
172.6875	432.46875
174.1875	432.46875
175.6875	432.46875
177.1875	432.46875
178.6875	432.46875
180.1875	432.46875
181.6875	432.46875
183.1875	432.46875
184.6875	432.46875
186.1875	432.46875
187.6875	432.46875
189.1875	432.46875
190.6875	432.46875
192.1875	432.46875
193.6875	432.46875
195.1875	432.46875
196.6875	432.46875
198.1875	432.46875
199.6875	432.46875
201.1875	432.46875
202.6875	432.46875
204.1875	432.46875
205.6875	432.46875
207.1875	432.46875
208.6875	432.46875
210.1875	432.46875
211.6875	432.46875
213.1875	432.46875
214.6875	432.46875
216.1875	432.46875
217.6875	432.46875
219.1875	432.46875
220.6875	432.46875
222.1875	432.46875
223.6875	432.46875
225.1875	432.46875
226.6875	432.46875
228.1875	432.46875
229.6875	432.46875
231.1875	432.46875
232.6875	432.46875
234.1875	432.46875
235.6875	432.46875
237.1875	432.46875
238.6875	432.46875
240.1875	432.46875
241.6875	432.46875
243.1875	432.46875
244.6875	432.46875
246.1875	432.46875
247.6875	432.46875
249.1875	432.46875
250.6875	432.46875
252.1875	432.46875
253.6875	432.46875
255.1875	432.46875
256.6875	432.46875
258.1875	428
259.6875	424.1171875
261.1875	420.3515625
262.6875	416.703125
264.1875	413.171875
265.6875	409.7578125
267.1875	406.4609375
268.6875	403.28125
270.1875	400.21875
271.6875	397.2734375
273.1875	394.4453125
274.6875	391.734375
276.1875	389.140625
277.6875	386.6640625
279.1875	384.3046875
280.6875	382.0625
282.1875	379.9375
283.6875	377.9296875
285.1875	376.0390625
286.6875	374.265625
288.1875	372.609375
289.6875	371.0703125
291.1875	369.6484375
292.6875	368.6015625
294.1875	367.9296875
295.6875	367.6328125
297.1875	367.7109375
298.6875	368.1640625
300.1875	368.9921875
301.6875	370.1953125
303.1875	371.7734375
304.6875	373.7265625
306.1875	376.0546875
306.6875	378.7578125
306.6875	381.8359375
306.6875	385.2890625
306.6875	389.1171875
306.6875	393.3203125
306.6875	397.3203125
306.6875	401.6953125
306.6875	405.6953125
306.6875	410.0703125
306.6875	414.0703125
306.6875	418.4453125
306.6875	422.4453125
306.6875	426.8203125
306.6875	430.8203125
306.6875	432.1953125
306.6875	432.1953125
306.6875	432.1953125
306.6875	432.1953125
306.6875	432.1953125
306.6875	432.1953125
306.6875	432.1953125
306.6875	432.1953125
306.6875	432.1953125
306.6875	432.1953125
306.6875	432.1953125
306.6875	432.1953125
306.6875	432.1953125
306.6875	432.1953125
306.6875	432.1953125
306.6875	432.1953125
306.6875	432.1953125
306.6875	432.1953125
306.6875	432.1953125
306.6875	432.1953125
306.6875	432.1953125
306.6875	432.1953125
306.75	432.1953125
306.875	432.1953125
307	432.1953125
307.1875	432.1953125
307.375	432.1953125
307.625	432.1953125
307.9375	432.1953125
308.25	432.1953125
308.625	432.1953125
309	432.1953125
309.4375	432.1953125
309.9375	432.1953125
310.4375	432.1953125
311	432.1953125
311.5625	432.1953125
312.1875	432.1953125
312.875	432.1953125
313.5625	432.1953125
314.3125	432.1953125
315.0625	432.1953125
315.875	432.1953125
316.75	432.1953125
317.625	432.1953125
318.5625	428
319.5	424.125
320.5	420.375
321.5625	416.75
322.625	413.25
323.75	409.875
324.875	406.625
326.0625	403.5
327.25	400.8125
328.5	398.5625
329.8125	396.75
331.125	397.375
332.4375	398.4375
333.75	399.9375
335.0625	401.875
336.375	404.25
337.6875	407.0625
339	410.3125
340.3125	414
341.625	418.125
342.9375	422.125
344.25	426.5625
345.5625	430.5625
346.875	432
348.1875	432
349.4375	432
350.625	432
351.8125	432
352.9375	432
354.0625	432
355.125	432
356.1875	432
357.1875	432
358.125	432
359.0625	432
359.9375	432
360.8125	432
361.625	432
362.375	432
363.125	432
363.875	432
364.6875	432
365.5625	432
366.4375	432
367.375	432
368.3125	432
369.3125	432
370.375	432
371.4375	432
372.5625	432
373.6875	432
374.875	432
376.0625	432
377.3125	432
378.625	432
379.9375	432
381.3125	432
382.6875	432
384.125	432
385.625	432
387.125	432
388.625	432
390.125	432
391.625	432
393.125	432
394.625	432
396.125	432
397.625	432
399.125	432
400.625	432
402.125	432
403.625	432
405.0625	432
406.5	432
407.875	432
409.1875	432
410.5	432
411.75	432
413	432
414.1875	432
415.3125	432
416.4375	432
417.5	432
418.5625	432
419.5625	432
420.5	432
421.4375	432
422.3125	432
423.1875	432
424	432
424.75	432
425.5	432
426.1875	432
426.875	432
427.5	432
428.125	432
428.6875	432
429.1875	432
429.6875	432
430.125	432
430.5625	432
430.9375	432
431.25	432
431.5625	432
431.8125	432
432.0625	432
432.25	432
432.375	432
432.5	432
432.5625	432
432.625	432
432.625	432
432.625	432
432.5625	432
432.4375	432
432.3125	432
432.125	432
431.9375	432
431.6875	432
431.375	432
431.0625	432
430.6875	432
430.3125	432
429.875	432
429.375	432
428.875	432
428.3125	432
427.75	432
427.125	432
426.4375	432
425.75	432
425	432
424.25	432
423.5	432
422.8125	432
422.125	432
421.5	432
420.9375	432
420.375	432
419.875	432
419.375	432
418.9375	432
418.5625	432
418.1875	432
417.875	432
417.5625	432
417.3125	432
417.125	432
416.9375	432
416.8125	432
416.6875	432
416.625	432
416.625	432
416.625	432
416.625	432
416.625	432
416.625	432
416.625	432
416.625	432
416.625	432
416.625	432
416.625	432
416.625	432
416.625	432
416.625	432
416.625	432
416.625	432
416.625	432
416.625	432
416.625	432
416.625	432
416.625	432
416.625	432
416.625	432
416.625	432
416.625	432
416.625	432
416.625	432
416.625	432
416.625	432
416.625	432
416.625	432
416.625	432
416.625	432
416.625	432
416.625	432
416.625	432
416.625	432
416.625	432
416.625	432
416.625	432
416.625	432
416.625	432
416.625	432
416.625	432
416.625	432
416.625	432
416.625	432
416.625	432
416.625	432
416.625	432
416.625	432
416.625	432
416.625	432
416.625	432
416.625	432
416.625	432
416.625	432
416.625	432
416.625	432
416.625	432
416.625	432
416.625	432
416.625	432
416.625	432
416.625	432
416.625	432
416.625	432
416.625	432
416.625	428
416.6875	424.125
416.8125	420.375
417	416.75
417.25	413.25
417.5625	409.875
418	406.625
418.5	403.5
419.0625	400.5
419.6875	397.625
420.375	394.875
421.1875	392.25
422.0625	389.75
423	387.375
424	385.125
425.0625	383
426.25	381
427.5	379.125
428.8125	377.375
430.1875	375.75
431.625	374.25
433.125	372.875
434.625	371.625
436.125	370.5
437.625	369.5
439.125	368.625
440.625	368.1875
442.125	368.1875
443.625	368.625
445.125	369.5
446.625	370.8125
448.125	372.5625
449.625	374.75
451.125	377.375
452.625	380.4375
454.125	383.9375
455.625	387.875
457.125	392.25
458.625	396.25
460.125	400.6875
461.625	400.6875
463.125	400.6875
464.625	400.6875
466.125	400.6875
467.625	400.6875
469.125	400.6875
470.625	400.6875
472.125	400.6875
473.625	400.6875
475.125	400.6875
476.625	400.6875
478.125	400.6875
479.625	400.6875
481.125	401.125
482.625	402
484.125	403.3125
485.625	405.0625
487.125	407.25
488.625	409.875
490.125	412.9375
491.625	416.4375
493.125	420.375
494.625	424.75
496.125	428.75
497.625	432.1875
499.125	432.1875
500.625	432.1875
502.125	432.1875
503.625	432.1875
505.125	432.1875
506.625	432.1875
508.125	432.1875
509.625	432.1875
511.125	432.1875
512.625	432.1875
514.125	432.1875
515.625	432.1875
517.125	432.1875
518.625	432.1875
520.125	432.1875
521.625	432.1875
523.125	432.1875
524.625	432.1875
526.125	432.1875
527.625	432.1875
529.125	432.1875
530.625	432.1875
532.125	432.1875
533.625	432.1875
535.125	428
536.625	424.1171875
538.125	420.3515625
539.625	416.703125
541.125	413.171875
542.625	409.7578125
544.125	406.4609375
545.625	403.28125
547.125	400.21875
548.625	397.2734375
550.125	394.4453125
551.625	391.734375
553.125	389.140625
554.625	386.6640625
556.125	384.3046875
557.625	382.0625
559.125	379.9375
560.625	377.9296875
562.125	376.0390625
563.625	374.265625
565.125	372.609375
566.625	371.0703125
568.125	369.6484375
569.625	368.34375
571.125	367.15625
572.625	366.0859375
574.125	365.1328125
575.625	364.296875
577.125	363.578125
578.625	362.9765625
580.125	362.4921875
581.625	362.125
583.125	361.875
584.625	361.7421875
586.125	361.7265625
587.625	361.828125
589.125	362.3046875
590.625	363.15625
592.125	364.3828125
593.625	365.984375
595.125	367.9609375
596.625	370.3125
598.125	373.0390625
599.625	376.140625
601.125	379.6171875
602.625	383.46875
604.125	384.6953125
605.625	384.6953125
607.125	384.6953125
608.625	384.6953125
610.125	384.6953125
611.625	384.6953125
613.125	384.6953125
614.625	384.6953125
616.125	384.6953125
617.625	384.6953125
619.125	384.6953125
620.625	384.6953125
622.125	384.6953125
623.625	384.6953125
625.125	384.6953125
626.625	384.6953125
628.125	384.6953125
629.625	384.6953125
631.125	384.6953125
632.625	384.6953125
634.125	384.6953125
635.625	384.6953125
637.125	384.6953125
638.625	384.6953125
640.125	385.0703125
641.625	385.8203125
643.125	386.9453125
644.625	388.4453125
646.125	390.3203125
647.625	392.5703125
649.125	395.1953125
650.625	398.1953125
652.125	401.5703125
653.625	405.3203125
655.125	409.4453125
656.625	413.4453125
658.125	417.8203125
659.625	421.8203125
661.125	426.1953125
662.625	430.1953125
664.125	432.5703125
665.625	432.5703125
667.125	432.5703125
668.625	432.5703125
670.125	432.5703125
671.625	432.5703125
673.125	432.5703125
674.625	432.5703125
676.125	432.5703125
677.625	432.5703125
679.125	432.5703125
680.625	432.5703125
682.125	432.5703125
683.625	432.5703125
685.125	432.5703125
686.625	432.5703125
688.125	428
689.625	424.1171875
691.125	420.3515625
692.625	416.703125
694.125	413.171875
695.625	409.7578125
697.125	406.71875
698.625	404.0546875
700.125	401.765625
701.625	399.8515625
703.125	398.3125
704.625	397.1484375
706.125	396.359375
707.625	395.9453125
709.125	395.90625
710.625	396.2421875
712.125	396.953125
713.625	398.0390625
715.125	399.5
716.625	401.3359375
718.125	403.546875
719.625	406.1328125
721.125	409.09375
722.625	412.4296875
723.125	416.140625
722.125	416.140625
722.125	416.140625
722.1875	416.515625
722.25	417.265625
722.375	418.390625
722.5	419.890625
722.6875	421.765625
722.875	424.015625
722.125	426.640625
722.125	429.640625
722.1875	432.015625
722.25	432.015625
722.375	432.015625
722.5	432.015625
722.6875	432.015625
722.9375	432.015625
722.1875	432.015625
722.1875	432.015625
722.25	432.015625
722.3125	432.015625
722.4375	432.015625
722.625	432.015625
722.8125	432.015625
722.0625	432.015625
722.0625	432.015625
722.0625	432.015625
722.125	432.015625
722.25	432.015625
722.375	432.015625
722.5625	432.015625
722.75	428
722	424.125
722	420.375
722.0625	416.75
722.125	413.25
722.25	409.875
722.375	406.625
722.5625	403.5
722.8125	400.5
722.0625	397.625
722.0625	394.875
722.125	392.25
722.1875	389.75
722.3125	387.375
722.4375	385.125
722.625	383
722.875	381
722.125	379.125
722.125	377.375
722.1875	375.75
722.25	374.25
722.375	372.875
722.5625	371.625
722.75	370.5
723	369.5
723.25	368.625
723.5625	367.875
723.9375	367.25
724.3125	366.75
724.75	366.375
725.1875	366.125
725.6875	366
726.25	366
726.8125	366.4375
727.4375	367.3125
728.0625	368.625
728.75	368.625
729.5	368.625
730.25	368.625
731.0625	368.625
731.875	368.625
732.75	368.625
733.6875	368.625
734.625	368.625
735.625	368.625
736.625	368.625
737.6875	368.625
738.75	368.625
739.875	368.625
741.0625	368.625
742.25	368.625
743.5	368.625
744.75	368.625
746.0625	368.625
747.4375	368.625
748.8125	368.625
750.25	368.625
751.6875	364
753.1875	360.1171875
754.6875	356.3515625
756.1875	352.703125
757.6875	349.171875
759.1875	345.7578125
760.6875	342.4609375
762.1875	339.28125
763.6875	336.21875
765.1875	333.2734375
766.6875	330.4453125
768.1875	327.734375
769.6875	325.140625
771.1875	322.6640625
772.6875	320.3046875
774.1875	318.0625
775.6875	315.9375
777.1875	313.9296875
778.6875	312.0390625
780.1875	310.265625
781.6875	308.609375
783.1875	307.0703125
784.6875	305.6484375
786.1875	304.6015625
787.6875	303.9296875
789.1875	303.6328125
790.6875	303.7109375
792.1875	304.1640625
793.6875	304.9921875
795.1875	306.1953125
796.6875	307.7734375
798.1875	309.7265625
799.6875	312.0546875
801.1875	314.7578125
802.6875	317.8359375
804.1875	321.2890625
805.6875	325.1171875
807.1875	329.3203125
808.6875	333.3203125
810.1875	337.6953125
811.6875	341.6953125
813.1875	346.0703125
814.6875	350.0703125
816.1875	354.4453125
817.6875	358.4453125
819.1875	362.8203125
820.6875	366.8203125
822.1875	371.1953125
823.6875	375.1953125
825.1875	379.5703125
826.6875	383.5703125
828.1875	387.9453125
829.6875	391.9453125
831.1875	396.3203125
832.6875	400.3203125
834.1875	404.6953125
835.6875	408.6953125
837.1875	413.0703125
838.6875	417.0703125
840.1875	421.4453125
841.6875	425.4453125
843.1875	429.8203125
844.6875	432.8203125
846.125	432.8203125
847.5	432.8203125
848.875	432.8203125
850.1875	432.8203125
851.5	432.8203125
852.75	432.8203125
853.9375	432.8203125
855.125	432.8203125
856.25	432.8203125
857.375	432.8203125
858.4375	432.8203125
859.4375	432.8203125
860.4375	432.8203125
861.375	432.8203125
862.375	432.8203125
863.375	432.8203125
864.4375	432.8203125
865.5625	432.8203125
866.6875	432.8203125
867.875	432.8203125
869.0625	432.8203125
870.3125	432.8203125
871.625	432.8203125
872.9375	432.8203125
874.3125	432.8203125
875.6875	432.8203125
877.125	428
878.625	424.1171875
880.125	420.3515625
881.625	416.703125
883.125	413.171875
884.625	409.7578125
886.125	406.4609375
887.625	403.28125
889.125	400.21875
890.625	397.2734375
892.125	394.4453125
893.625	391.734375
895.125	389.140625
896.625	386.6640625
898.125	384.3046875
898.625	382.0625
898.625	379.9375
898.625	377.9296875
898.6875	376.0390625
898.8125	374.265625
898.9375	372.609375
899.125	371.0703125
899.3125	369.6484375
899.5625	368.34375
899.875	367.15625
900.1875	366.0859375
900.5625	365.1328125
900.9375	364.296875
901.375	363.578125
901.875	362.9765625
902.375	362.4921875
902.9375	362.125
903.5	361.875
904.125	361.7421875
904.8125	361.7265625
905.5	361.828125
906.25	362.3046875
907	363.15625
907.8125	364.3828125
908.6875	365.984375
909.5625	367.9609375
910.5	368.3125
911.4375	368.3125
912.4375	368.3125
913.5	368.3125
914.5625	368.3125
915.6875	368.3125
916.8125	368.3125
918	368.3125
919.1875	368.3125
920.4375	368.3125
921.75	368.3125
923.0625	368.3125
924.4375	368.3125
925.8125	368.3125
927.25	368.3125
928.75	368.3125
930.25	368.3125
931.75	368.3125
933.25	368.3125
934.75	368.3125
936.25	368.3125
937.75	368.3125
939.25	368.3125
940.75	368.3125
942.25	368.3125
943.75	368.3125
945.25	368.6875
946.75	369.4375
948.25	370.5625
949.75	372.0625
951.25	373.9375
952.75	376.1875
954.25	378.8125
955.75	381.8125
957.25	385.1875
958.75	388.9375
960.25	393.0625
961.75	397.0625
963.25	401.4375
964.75	405.4375
966.25	409.8125
967.75	413.8125
969.25	418.1875
970.75	422.1875
972.25	426.5625
973.75	430.5625
975.25	432.9375
976.75	432.9375
978.25	432.9375
979.75	432.9375
981.25	432.9375
982.75	432.9375
984.25	432.9375
985.75	432.9375
987.25	432.9375
988.75	432.9375
990.25	432.9375
991.75	432.9375
993.25	432.9375
994.75	432.9375
996.25	432.9375
997.75	432.9375
999.25	432.9375
1000.75	432.9375
1002.25	432.9375
1003.75	432.9375
1005.25	432.9375
1006.75	432.9375
1008.25	432.9375
1009.75	432.9375
1011.25	432.9375
1012.75	432.9375
1014.25	432.9375
1015.75	432.9375
1017.25	432.9375
1018.75	432.9375
1020.25	432.9375
1021.75	432.9375
1023.25	432.9375
1024.75	432.9375
1026.25	432.9375
1027.75	432.9375
1029.25	432.9375
1030.75	432.9375
1032.25	432.9375
1033.75	432.9375
1035.25	432.9375
1036.75	432.9375
1038.25	432.9375
1039.75	432.9375
1041.25	432.9375
1042.75	432.9375
1044.25	432.9375
1045.75	432.9375
1047.25	432.9375
1048.75	432.9375
1050.25	432.9375
1051.75	432.9375
1053.25	432.9375
1054.75	432.9375
1056.25	432.9375
1057.75	432.9375
1059.25	432.9375
1060.75	432.9375
1062.25	432.9375
1063.75	432.9375
1065.25	432.9375
1066.75	432.9375
1068.25	432.9375
1069.75	432.9375
1071.25	432.9375
1072.75	432.9375
1074.25	432.9375
1075.75	432.9375
1077.25	432.9375
1078.75	432.9375
1080.25	432.9375
1081.75	432.9375
1083.25	432.9375
1084.75	432.9375
1086.25	432.9375
1087.75	432.9375
1089.25	428
1090.75	424.1171875
1092.25	420.3515625
1093.75	416.703125
1095.25	413.171875
1096.75	409.7578125
1098.25	406.4609375
1099.75	403.28125
1101.25	400.21875
1102.75	397.2734375
1104.25	394.4453125
1105.75	391.734375
1107.25	389.140625
1108.75	386.6640625
1110.25	384.3046875
1111.75	382.0625
1113.25	379.9375
1114.75	377.9296875
1116.25	376.0390625
1117.75	374.265625
1119.25	372.609375
1120.75	371.0703125
1122.25	369.6484375
1123.75	368.34375
1125.25	367.15625
1126.75	366.0859375
1128.25	365.1328125
1129.75	364.296875
1131.25	363.578125
1132.75	362.9765625
1134.25	362.4921875
1135.75	362.125
1137.25	361.875
1138.75	361.7421875
1140.25	361.7265625
1141.75	361.828125
1143.25	362.3046875
1144.75	363.15625
1146.25	364.3828125
1147.75	365.984375
1149.25	367.9609375
1150.75	370.3125
1152.25	373.0390625
1153.75	376.140625
1155.25	379.6171875
1156.75	383.46875
1158.25	387.6953125
1159.75	391.6953125
1161.25	396.0703125
1162.75	400.0703125
1164.25	404.4453125
1165.75	408.4453125
1167.25	412.8203125
1168.75	416.8203125
1170.25	421.1953125
1171.75	425.1953125
1173.25	429.5703125
1174.75	432.5703125
1176.25	432.5703125
1177.75	432.5703125
1179.25	432.5703125
1180.75	432.5703125
1182.25	432.5703125
1183.75	432.5703125
1185.25	432.5703125
1186.75	432.5703125
1188.25	432.5703125
1189.75	432.5703125
1191.25	432.5703125
1192.75	432.5703125
1194.25	432.5703125
1195.75	432.5703125
1197.25	432.5703125
1198.75	432.5703125
1200.25	432.5703125
1201.75	432.5703125
1203.25	432.5703125
1204.75	432.5703125
1206.25	432.5703125
1207.75	432.5703125
1209.25	432.5703125
1210.75	432.5703125
1212.25	432.5703125
1213.75	432.5703125
1215.25	432.5703125
1216.75	432.5703125
1218.25	432.5703125
1219.75	432.5703125
1221.25	432.5703125
1222.75	432.5703125
1224.25	432.5703125
1225.75	432.5703125
1227.25	432.5703125
1228.75	432.5703125
1230.25	432.5703125
1231.75	428
1233.25	424.1171875
1234.75	420.3515625
1236.25	416.703125
1237.75	413.171875
1239.25	409.7578125
1240.75	408.4609375
1242.25	410.28125
1243.75	412.4765625
1245.25	415.046875
1246.75	417.9921875
1248.25	421.3125
1249.75	425.0078125
1251.25	429.078125
1252.75	432.5234375
1254.1875	432.5234375
1255.625	432.5234375
1257	432.5234375
1258.375	432.5234375
1259.6875	432.5234375
1260.9375	432.5234375
1262.1875	432.5234375
1263.375	432.5234375
1264.5625	432.5234375
1265.6875	432.5234375
1266.75	432.5234375
1267.8125	432.5234375
1268.8125	432.5234375
1269.8125	432.5234375
1270.75	432.5234375
1271.625	432.5234375
1272.5	432.5234375
1273.3125	432.5234375
1274.125	432.5234375
1274.875	432.5234375
1275.5625	432.5234375
1276.25	432.5234375
1276.875	432.5234375
1277.5	432.5234375
1278.125	432.5234375
1278.8125	432.5234375
1279.5	432.5234375
1280.25	432.5234375
1281.0625	432.5234375
1281.875	432.5234375
1282.75	432.5234375
1283.625	432.5234375
1284.5625	432.5234375
1285.5625	432.5234375
1286.5625	432.5234375
1287.625	432.5234375
1288.6875	432.5234375
1289.8125	432.5234375
1291	432.5234375
1292.1875	432.5234375
1293.4375	432.5234375
1294.6875	432.5234375
1296	432.5234375
1297.375	432.5234375
1298.75	432.5234375
1300.1875	432.5234375
1301.625	432.5234375
1303.125	432.5234375
1304.625	432.5234375
1306.125	432.5234375
1307.625	432.5234375
1309.125	432.5234375
1310.625	432.5234375
1312.125	432.5234375
1313.625	432.5234375
1315.125	432.5234375
1316.625	432.5234375
1318.125	432.5234375
1319.625	432.5234375
1321.125	432.5234375
1322.625	432.5234375
1324.125	432.5234375
1325.625	432.5234375
1327.125	432.5234375
1328.625	432.5234375
1330.125	432.5234375
1331.625	432.5234375
1333.125	432.5234375
1334.625	432.5234375
1336.125	432.5234375
1337.625	432.5234375
1339.125	432.5234375
1340.625	432.5234375
1342.125	432.5234375
1343.625	432.5234375
1345.125	432.5234375
1346.625	432.5234375
1348.125	432.5234375
1349.625	432.5234375
1351.125	432.5234375
1352.625	432.5234375
1354.125	428
1355.625	424.1171875
1357.125	420.3515625
1358.625	416.703125
1360.125	413.171875
1361.625	409.7578125
1363.125	406.4609375
1364.625	403.28125
1366.125	400.21875
1367.625	397.2734375
1369.125	394.4453125
1370.625	391.734375
1372.125	389.140625
1373.625	386.6640625
1375.125	384.3046875
1376.625	382.0625
1378.125	379.9375
1379.625	377.9296875
1381.125	376.0390625
1382.625	374.265625
1384.125	372.609375
1385.625	371.0703125
1387.125	369.6484375
1388.625	368.34375
1390.125	367.15625
1391.625	366.0859375
1393.125	365.1328125
1394.625	364.296875
1396.125	363.578125
1397.625	362.9765625
1399.125	362.4921875
1400.625	362.125
1402.125	361.875
1403.625	361.7421875
1405.125	361.7265625
1406.625	361.828125
1408.125	362.3046875
1409.625	363.15625
1411.125	364.3828125
1412.625	365.984375
1414.125	367.9609375
1415.625	370.3125
1417.125	373.0390625
1418.625	376.140625
1420.125	379.6171875
1421.625	383.46875
1423.125	387.6953125
1424.625	391.6953125
1426.125	396.0703125
1427.625	400.0703125
1429.125	404.4453125
1430.625	408.4453125
1432.125	412.8203125
1433.625	416.8203125
1435.125	421.1953125
1436.625	425.1953125
1438.125	429.5703125
1439.625	432.5703125
1441.125	432.5703125
1442.625	432.5703125
1444.125	432.5703125
1445.625	432.5703125
1447.125	432.5703125
1448.625	432.5703125
1450.125	432.5703125
1451.625	432.5703125
1453.125	432.5703125
1454.625	432.5703125
1456.125	432.5703125
1457.625	432.5703125
1459.125	432.5703125
1460.625	432.5703125
1462.125	432.5703125
1463.625	432.5703125
1465.125	432.5703125
1466.625	432.5703125
1468.125	432.5703125
1469.625	432.5703125
1471.125	432.5703125
1472.625	432.5703125
1474.125	432.5703125
1475.625	432.5703125
1477.125	432.5703125
1478.625	432.5703125
1480.125	432.5703125
1481.625	432.5703125
1483.125	432.5703125
1484.625	432.5703125
1486.125	432.5703125
1487.625	432.5703125
1489.125	432.5703125
1490.625	432.5703125
1492.125	428
1493.625	424.1171875
1495.125	420.3515625
1496.625	416.703125
1498.125	413.171875
1499.625	409.7578125
1501.125	410.4609375
1502.625	411.5390625
1504.125	412.9921875
1505.625	414.8203125
1507.125	417.0234375
1508.625	419.6015625
1510.125	422.5546875
1511.625	418.8828125
1513.125	415.5859375
1514.625	412.6640625
1516.125	410.1171875
1517.625	407.9453125
1519.125	406.1484375
1520.625	404.7265625
1522.125	403.6796875
1523.625	403.0078125
1525.125	402.7109375
1526.625	402.7890625
1528.125	403.2421875
1529.625	404.0703125
1531.125	405.2734375
1532.625	406.8515625
1534.125	408.8046875
1535.625	411.1328125
1537.125	413.8359375
1538.625	416.9140625
1540.125	420.3671875
1541.625	424.1953125
1543.125	428.3984375
1544.625	424.3984375
1546.125	420.7734375
1547.625	417.5234375
1549.125	414.6484375
1550.625	412.1484375
1552.125	410.0234375
1553.625	408.2734375
1555.125	406.8984375
1556.625	405.8984375
1558.125	405.2734375
1559.625	405.0234375
1561.125	405.1484375
1562.625	405.6484375
1564.125	406.5234375
1565.625	407.7734375
1567.125	409.3984375
1568.625	411.3984375
1570.125	413.7734375
1571.625	416.5234375
1573.125	419.6484375
1574.625	423.1484375
1576.125	427.0234375
1577.625	431.2734375
1579.125	432.2734375
1580.625	432.2734375
1582.125	432.2734375
1583.625	432.2734375
1585.125	432.2734375
1586.625	432.2734375
1588.125	432.2734375
1589.625	432.2734375
1591.125	432.2734375
1592.625	432.2734375
1594.125	432.2734375
1595.625	432.2734375
1597.125	432.2734375
1598.625	432.2734375
1600.125	432.2734375
1601.625	432.2734375
1603.125	432.2734375
1604.625	432.2734375
1606.125	432.2734375
1607.625	432.2734375
1609.125	432.2734375
1610.625	432.2734375
1612.125	432.2734375
1613.625	432.2734375
1615.125	432.2734375
1616.625	432.2734375
1618.125	432.2734375
1619.625	432.2734375
1621.125	432.2734375
1622.625	432.2734375
1624.125	432.2734375
1625.625	432.2734375
1627.125	432.2734375
1628.625	432.2734375
1630.125	432.2734375
1631.625	428
1633.125	424.1171875
1634.625	420.3515625
1636.125	416.703125
1637.625	413.171875
1639.125	409.7578125
1640.625	406.4609375
1642.125	403.28125
1643.625	400.21875
1645.125	397.2734375
1646.625	394.4453125
1648.125	391.734375
1649.625	389.3984375
1651.125	387.4375
1652.625	385.8515625
1654.125	384.640625
1655.625	383.8046875
1657.125	383.34375
1658.625	383.2578125
1660.125	383.546875
1661.625	384.2109375
1663.125	385.25
1664.625	386.6640625
1666.125	388.453125
1667.625	390.6171875
1669.125	393.15625
1670.625	396.0703125
1672.125	399.359375
1673.625	403.0234375
1675.125	407.0625
1676.625	411.4765625
1678.125	415.4765625
1679.625	419.8515625
1681.125	423.8515625
1682.625	428.2265625
1684.125	432.2265625
1685.625	432.2265625
1687.0625	432.2265625
1688.4375	432.2265625
1689.8125	432.2265625
1691.125	432.2265625
1692.4375	432.2265625
1693.6875	432.2265625
1694.875	432.2265625
1696.0625	432.2265625
1697.1875	432.2265625
1698.3125	432.2265625
1699.375	432.2265625
1700.375	432.2265625
1701.375	432.2265625
1702.3125	432.2265625
1703.25	432.2265625
1704.125	432.2265625
1704.9375	432.2265625
1705.75	432.2265625
1706.5	432.2265625
1707.3125	432.2265625
1708.125	432.2265625
1709	432.2265625
1709.9375	432.2265625
1710.875	432.2265625
1711.875	432.2265625
1712.875	432.2265625
1713.9375	432.2265625
1715.0625	432.2265625
1716.1875	432.2265625
1717.375	432.2265625
1718.5625	432.2265625
1719.8125	432.2265625
1721.125	432.2265625
1722.4375	432.2265625
1723.8125	432.2265625
1725.1875	432.2265625
1726.625	432.2265625
1728.125	432.2265625
1729.625	432.2265625
1731.125	432.2265625
1732.625	432.2265625
1734.125	432.2265625
1735.625	432.2265625
1737.125	432.2265625
1738.625	432.2265625
1740.125	432.2265625
1741.625	432.2265625
1743.125	432.2265625
1744.625	432.2265625
1746.125	432.2265625
1747.625	432.2265625
1749.125	432.2265625
1750.625	432.2265625
1752.125	432.2265625
1753.625	428
1755.125	424.1171875
1756.625	420.3515625
1758.125	416.703125
1759.625	413.171875
1761.125	409.7578125
1762.625	406.4609375
1764.125	403.28125
1765.625	400.21875
1767.125	397.2734375
1768.625	394.4453125
1770.125	391.734375
1771.625	389.140625
1773.125	386.6640625
1774.625	384.3046875
1776.125	382.0625
1777.625	379.9375
1778.125	377.9296875
1778.125	376.0390625
1778.125	374.265625
1778.1875	372.609375
1778.3125	371.0703125
1778.4375	369.6484375
1778.625	368.34375
1778.8125	367.15625
1779.0625	366.0859375
1779.375	365.390625
1779.6875	365.0703125
1780.0625	365.125
1780.4375	365.5546875
1780.875	366.359375
1781.3125	367.5390625
1781.8125	368.09375
1782.375	368.09375
1782.9375	368.09375
1783.5625	368.09375
1784.1875	368.09375
1784.875	368.09375
1785.625	368.09375
1786.375	368.09375
1787.1875	368.09375
1788	368.09375
1788.875	368.09375
1789.8125	368.09375
1790.75	368.09375
1791.75	368.09375
1792.75	368.09375
1793.8125	368.09375
1794.9375	368.09375
1796.0625	368.09375
1797.25	368.09375
1798.4375	368.09375
1799.6875	368.09375
1801	364
1802.3125	360.1171875
1803.6875	356.3515625
1805.0625	352.703125
1806.5	349.171875
1808	345.7578125
1809.5	342.4609375
1811	339.28125
1812.5	336.21875
1814	333.2734375
1815.5	330.4453125
1817	327.734375
1818.5	325.140625
1820	322.6640625
1821.5	320.3046875
1823	318.0625
1824.5	315.9375
1826	313.9296875
1827.5	312.0390625
1829	310.265625
1830.5	308.609375
1832	307.0703125
1833.5	305.6484375
1835	304.34375
1836.5	303.15625
1838	302.0859375
1839.5	301.1328125
1841	300.296875
1842.5	299.578125
1844	298.9765625
1845.5	298.4921875
1847	298.125
1848.5	297.875
1850	297.7421875
1851.5	297.7265625
1853	297.828125
1854.5	298.3046875
1856	299.15625
1857.5	300.3828125
1859	301.984375
1860.5	303.9609375
1862	306.3125
1863.5	309.0390625
1865	312.140625
1866.5	315.6171875
1868	319.46875
1869.5	323.6953125
1871	327.6953125
1872.5	332.0703125
1874	336.0703125
1875.5	340.4453125
1877	344.4453125
1878.5	348.8203125
1880	352.8203125
1881.5	357.1953125
1883	361.1953125
1884.5	365.5703125
1886	368.5703125
1887.5	368.5703125
1889	368.5703125
1890.5	368.5703125
1892	368.5703125
1893.5	368.5703125
1895	368.5703125
1896.5	368.5703125
1898	368.5703125
1899.5	368.5703125
1901	364
1902.5	360.1171875
1904	356.3515625
1905.5	352.703125
1907	349.171875
1908.5	345.7578125
1910	342.4609375
1911.5	339.28125
1913	336.21875
1914.5	333.2734375
1916	330.4453125
1917.5	327.734375
1919	325.140625
1920.5	322.6640625
1922	320.3046875
1922.5	318.0625
1922.5	315.9375
1922.5625	313.9296875
1922.625	312.0390625
1922.75	310.265625
1922.9375	308.609375
1923.125	307.0703125
1923.375	305.6484375
1923.625	304.34375
1923.9375	303.15625
1924.3125	302.0859375
1924.6875	301.1328125
1925.125	300.296875
1925.5625	299.578125
1926.0625	298.9765625
1926.625	298.4921875
1927.1875	298.125
1927.8125	297.875
1928.4375	297.7421875
1929.125	297.7265625
1929.875	297.828125
1930.625	298.3046875
1931.4375	299.15625
1932.25	300.3828125
1933.125	301.984375
1934	303.9609375
1934.9375	304.3125
1935.9375	304.3125
1936.9375	304.3125
1938	304.3125
1939.0625	304.3125
1940.1875	304.3125
1941.375	304.3125
1942.5625	304.3125
1943.8125	304.3125
1945.0625	304.3125
1946.375	304.3125
1947.75	304.3125
1949.125	304.3125
1950.5625	304.3125
1952	304.3125
1953.5	304.3125
1955	304.3125
1956.5	304.3125
1958	304.3125
1959.5	304.3125
1961	304.3125
1962.5	304.3125
1964	304.3125
1965.5	304.3125
1967	304.3125
1968.5	304.3125
1970	304.3125
1971.5	304.3125
1973	300
1974.5	296.1171875
1976	292.3515625
1977.5	288.703125
1979	285.171875
1980.5	281.7578125
1982	278.4609375
1983.5	275.28125
1985	272.21875
1986.5	269.2734375
1988	266.4453125
1989.5	263.734375
1991	261.140625
1992.5	258.6640625
1994	256.3046875
1995.5	254.0625
1997	251.9375
1998.5	249.9296875
2000	248.0390625
2001.5	246.265625
2003	244.609375
2004.5	243.0703125
2006	241.6484375
2007.5	240.34375
2009	239.15625
2010.5	238.0859375
2012	237.1328125
2013.5	236.296875
2015	235.578125
2016.5	234.9765625
2018	234.4921875
2019.5	234.125
2021	233.875
2022.5	233.7421875
2024	233.7265625
2025.5	233.828125
2027	234.3046875
2028.5	235.15625
2030	236.3828125
2031.5	237.984375
2033	239.9609375
2034.5	242.3125
2036	245.0390625
2037.5	248.140625
2039	251.6171875
2040.5	255.46875
2042	259.6953125
2043.5	263.6953125
2045	268.0703125
2046.5	272.0703125
2048	276.4453125
2049.5	280.4453125
2051	284.8203125
2052.5	288.8203125
2054	293.1953125
2055.5	297.1953125
2057	301.5703125
2058.5	304.5703125
2060	304.5703125
2061.5	304.5703125
2063	304.5703125
2064.5	304.5703125
2066	304.5703125
2067.5	304.5703125
2069	304.5703125
2070.5	304.5703125
2072	304.5703125
2073.5	304.5703125
2075	304.5703125
2076.5	304.5703125
2078	304.5703125
2079.5	304.5703125
2081	304.5703125
2082.5	304.5703125
2084	304.5703125
2085.5	304.5703125
2087	304.5703125
2088.5	304.5703125
2090	304.5703125
2091.5	304.5703125
2093	304.5703125
2094.5	304.5703125
2096	304.5703125
2097.5	304.5703125
2099	300
2100.5	296.1171875
2102	292.3515625
2103.5	288.703125
2105	285.171875
2106.5	281.7578125
2108	278.4609375
2109.5	275.28125
2111	272.21875
2112.5	269.2734375
2114	266.4453125
2115.5	263.734375
2117	261.140625
2118.5	258.6640625
2120	256.3046875
2121.5	254.0625
2123	251.9375
2124.5	249.9296875
2126	248.0390625
2127.5	246.265625
2129	244.609375
2130.5	243.0703125
2132	241.6484375
2133.5	240.34375
2135	239.15625
2136.5	238.0859375
2138	237.1328125
2139.5	236.296875
2141	235.578125
2142.5	234.9765625
2144	234.4921875
2145.5	234.125
2147	233.875
2148.5	233.7421875
2150	233.7265625
2151.5	234.0859375
2153	234.8203125
2154.5	235.9296875
2156	237.4140625
2157.5	239.2734375
2159	241.5078125
2160.5	244.1171875
2162	247.1015625
2163.5	250.4609375
2165	254.1953125
2166.5	258.3046875
2168	262.7890625
2169.5	266.7890625
2171	271.1640625
2172.5	275.1640625
2174	279.5390625
2175.5	283.5390625
2177	287.9140625
2178.5	291.9140625
2180	296.2890625
2181.5	300.2890625
2183	304.6640625
2184.5	308.6640625
2186	313.0390625
2187.5	317.0390625
2189	321.4140625
2190.5	325.4140625
2192	329.7890625
2193.5	333.7890625
2195	338.1640625
2196.5	342.1640625
2198	346.5390625
2199.5	350.5390625
2201	354.9140625
2202.5	358.9140625
2204	363.2890625
2205.5	367.2890625
2207	371.6640625
2208.5	375.6640625
2210	380.0390625
2211.5	384.0390625
2213	388.4140625
2214.5	392.4140625
2216	396.7890625
2217.5	400.7890625
2219	405.1640625
2220.5	409.1640625
2222	413.5390625
2223.5	417.5390625
2225	421.9140625
2226.5	425.9140625
2227	430.2890625
2226	432.2890625
2226	432.2890625
2226	432.2890625
2226	432.2890625
2226	432.2890625
2226	432.2890625
2226	432.2890625
2226	432.2890625
2226	432.2890625
2226.0625	432.2890625
2226.125	432.2890625
2226.25	432.2890625
2226.375	432.2890625
2226.5625	432.2890625
2226.8125	432.2890625
2226.0625	428
2226.0625	424.125
2226.125	420.375
2226.1875	416.75
2226.3125	413.25
2226.5	409.875
2226.6875	406.625
2226.9375	403.5
2226.1875	400.5
2226.1875	397.625
2226.25	394.875
2226.375	392.25
2226.5	389.75
2226.6875	387.375
2226.875	385.125
2226.125	383
2226.125	381
2226.1875	379.125
2226.25	377.375
2226.375	375.75
2226.5	374.25
2226.6875	372.875
2226.9375	371.625
2227.1875	370.5
2227.5	369.5
2227.8125	368.625
2228.1875	367.875
2228.625	367.25
2229.0625	366.75
2229.5625	366.375
2230.0625	366.125
2230.625	366
2231.1875	366.3125
2231.8125	367.0625
2232.5	368.25
2233.1875	368.25
2233.9375	368.25
2234.6875	368.25
2235.5	368.25
2236.375	368.25
2237.25	368.25
2238.1875	368.25
2239.125	368.25
2240.125	368.25
2241.1875	368.25
2242.25	368.25
2243.375	368.25
2244.5	364
2245.6875	360.1171875
2246.9375	356.3515625
2248.1875	352.703125
2249.5	349.171875
2250.8125	345.7578125
2252.1875	342.4609375
2253.625	339.28125
2255.0625	336.21875
2256.5625	333.2734375
2258.0625	330.4453125
2259.5625	327.734375
2261.0625	325.140625
2262.5625	322.6640625
2264.0625	320.3046875
2265.5625	318.0625
2267.0625	315.9375
2268.5625	313.9296875
2270.0625	312.0390625
2271.5625	310.265625
2273.0625	308.609375
2274.5625	307.0703125
2276.0625	305.6484375
2277.5625	304.34375
2279.0625	303.15625
2280.5625	302.0859375
2282.0625	301.1328125
2283.5625	300.296875
2285.0625	299.578125
2286.5625	298.9765625
2288.0625	298.4921875
2289.5625	298.125
2291.0625	297.875
2292.5625	297.7421875
2294.0625	297.7265625
2295.5625	297.828125
2297.0625	298.3046875
2298.5625	299.15625
2300.0625	300.3828125
2301.5625	301.984375
2303.0625	303.9609375
2304.5625	306.3125
2306.0625	309.0390625
2307.5625	312.140625
2309.0625	315.6171875
2310.5625	319.46875
2312.0625	323.6953125
2313.5625	327.6953125
2315.0625	332.0703125
2316.5625	336.0703125
2318.0625	340.4453125
2319.5625	344.4453125
2321.0625	348.8203125
2322.5625	352.8203125
2324.0625	357.1953125
2325.5625	361.1953125
2327.0625	365.5703125
2328.5625	369.5703125
2330.0625	373.9453125
2331.5625	377.9453125
2333.0625	382.3203125
2334.5625	386.3203125
2336.0625	390.6953125
2337.5625	394.6953125
2339.0625	399.0703125
2340.5625	403.0703125
2342.0625	407.4453125
2343.5625	411.4453125
2345.0625	415.8203125
2346.5625	419.8203125
2348.0625	424.1953125
2349.5625	428.1953125
2351.0625	432.5703125
2352.5625	432.5703125
2354.0625	432.5703125
2354.5625	432.5703125
2354.5625	432.5703125
2354.625	432.5703125
2354.6875	432.5703125
2354.8125	432.5703125
2354.9375	432.5703125
2354.125	432.5703125
2354.125	432.5703125
2354.125	432.5703125
2354.1875	428
2354.3125	424.125
2354.4375	420.375
2354.625	416.75
2354.8125	413.25
2355.0625	409.875
2355.375	406.625
2355.6875	403.5
2356.0625	400.5
2356.4375	397.625
2356.875	394.875
2357.375	392.25
2357.875	389.75
2358.4375	387.375
2359	385.4375
2359.625	383.9375
2360.3125	382.875
2361	382.25
2361.75	382.0625
2362.5	382.3125
2363.3125	383
2364.1875	384.125
2365.0625	385.6875
2366	387.6875
2366.9375	390.125
2367.9375	393
2369	396.3125
2370.0625	400.0625
2371.1875	404.25
2371.3125	408.25
2370.3125	412.6875
2370.3125	416.6875
2370.375	416.6875
2370.4375	416.6875
2370.5625	416.6875
2370.75	416.6875
2370.9375	416.6875
2370.1875	416.6875
2370.1875	416.6875
2370.1875	416.6875
2370.25	416.6875
2370.375	416.6875
2370.5	416.6875
2370.6875	416.6875
2370.875	416.6875
2370.125	416.6875
2370.125	412
2370.1875	408.125
2370.25	404.375
2370.375	400.75
2370.5	397.25
2370.6875	393.875
2370.9375	390.625
2371.1875	387.5
2371.5	384.5
2371.8125	381.625
2372.1875	378.875
2372.625	376.25
2373.0625	373.75
2373.5625	371.375
2374.0625	369.125
2374.625	367
2375.25	365
2375.875	363.125
2376.5625	361.375
2377.25	359.75
2378	358.25
2378.75	356.875
2379.5625	355.625
2380.4375	354.5
2381.3125	353.5
2382.25	352.625
2383.1875	351.875
2384.1875	351.25
2385.25	350.75
2386.3125	350.375
2387.4375	350.125
2388.5625	350
2389.75	350
2391	350.4375
2392.25	351.3125
2393.5625	352.625
2394.875	354.375
2396.25	356.5625
2397.6875	359.1875
2399.125	362.25
2400.625	365.75
2402.125	369.6875
2403.625	374.0625
2404.125	378.0625
2403.125	382.5
2402.125	384.5
2402.125	384.5
2402.125	384.5
2402.125	384.5
2402.125	384.5
2402.125	384.5
2402.125	384.5
2402.125	384.5
2402.125	384.5
2402.125	384.5
2402.125	384.5
2402.125	384.5
2402.125	384.5
2402.125	384.5
2402.125	384.5
2402.125	384.5
2402.125	384.5
2402.125	384.5
2402.125	384.5
2402.1875	384.5
2402.25	384.5
2402.375	384.5
2402.5625	384.5
2402.75	384.5
2402	384.5
2402	380
2402	376.125
2402.0625	372.375
2402.125	368.75
2402.25	365.25
2402.4375	361.875
2402.625	358.625
2402.875	355.5
2403.125	352.5
2403.4375	349.9375
2403.8125	347.8125
2404.1875	346.125
2404.625	344.875
2405.0625	344.0625
2405.5625	343.6875
2406.125	343.75
2406.6875	344.25
2407.3125	345.1875
2407.9375	346.5625
2408.5625	348.375
2409.1875	350.625
2409.8125	353.3125
2410.4375	356.4375
2411.0625	360
2411.6875	364
2412.3125	368.4375
2412.9375	368.4375
2413.5	368.4375
2414.0625	368.4375
2414.5625	368.4375
2415	368.4375
2415.4375	368.4375
2415.8125	368.4375
2416.1875	368.4375
2416.5	368.4375
2416.75	368.4375
2417	368.4375
2417.1875	368.4375
2417.4375	368.4375
2417.6875	368.4375
2418	368.4375
2418.375	368.4375
2418.75	368.4375
2419.1875	368.4375
2419.625	368.4375
2420.125	368.4375
2420.6875	364
2421.25	360.125
2421.875	356.375
2422.5	352.75
2423.1875	349.25
2423.9375	345.875
2424.6875	342.625
2425.5	339.5
2426.3125	336.5
2427.1875	333.625
2428.125	330.875
2429.0625	328.25
2430.0625	325.75
2431.0625	323.375
2432.125	321.125
2433.25	319
2434.375	317
2435.5625	315.125
2436.75	313.375
2438	311.75
2439.25	310.25
2440.5625	308.875
2441.9375	307.625
2443.3125	306.5
2444.75	305.5
2446.1875	304.625
2447.6875	303.875
2449.1875	303.25
2450.6875	302.75
2452.1875	302.375
2453.6875	302.125
2455.1875	302
2456.6875	302
2458.1875	302.4375
2459.6875	303.3125
2461.1875	304.625
2462.6875	306.375
2464.1875	308.5625
2465.6875	311.1875
2467.1875	314.25
2468.6875	317.75
2470.1875	321.6875
2471.6875	326.0625
2473.1875	330.0625
2474.6875	334.5
2476.1875	338.5
2477.6875	342.9375
2479.1875	346.9375
2480.6875	351.375
2482.1875	355.375
2483.6875	359.8125
2485.1875	363.8125
2486.6875	368.25
2488.1875	368.25
2489.6875	368.25
2491.1875	368.25
2492.6875	368.25
2494.1875	368.25
2495.6875	368.25
2497.1875	368.6875
2498.6875	369.5625
2500.1875	370.875
2501.6875	372.625
2503.1875	374.8125
2504.6875	377.4375
2506.1875	380.5
2507.6875	384
2509.1875	384
2510.6875	384
2512.1875	384.4375
2513.6875	385.3125
2515.1875	386.625
2516.6875	388.375
2518.1875	390.5625
2519.6875	393.1875
2521.1875	396.25
2522.6875	399.75
2524.1875	400.6875
2525.6875	400.6875
2527.1875	400.6875
2528.6875	401.125
2530.1875	402
2531.6875	403.3125
2533.1875	405.0625
2534.6875	407.25
2536.1875	409.875
2537.6875	412.9375
2539.1875	416.4375
2540.6875	416.4375
2542.1875	416.4375
2543.6875	416.4375
2545.1875	416.875
2546.6875	417.75
2548.1875	419.0625
2549.6875	420.8125
2551.1875	423
2552.6875	425.625
2554.1875	428.6875
2555.6875	432.1875
2557.1875	432.1875
2558.6875	432.1875
2560.1875	432.1875
2561.6875	432.1875
2563.1875	432.1875
2564.6875	432.1875
2566.1875	432.1875
2567.6875	432.1875
2569.1875	432.1875
2570.6875	432.1875
2572.1875	432.1875
2573.6875	432.1875
2575.1875	428
2576.6875	424.1171875
2578.1875	420.3515625
2579.6875	416.703125
2581.1875	413.171875
2582.6875	409.7578125
2584.1875	406.4609375
2585.6875	403.28125
2587.1875	400.21875
2588.6875	397.2734375
2590.1875	394.4453125
2591.6875	391.734375
2593.1875	389.140625
2594.6875	386.6640625
2596.1875	384.3046875
2597.6875	382.0625
2599.1875	379.9375
2600.6875	377.9296875
2602.1875	376.0390625
2603.6875	374.265625
2605.1875	372.609375
2606.6875	371.0703125
2608.1875	369.6484375
2609.6875	368.34375
2611.1875	367.15625
2612.6875	366.0859375
2614.1875	365.1328125
2615.6875	364.296875
2617.1875	363.578125
2618.6875	362.9765625
2620.1875	362.4921875
2621.6875	362.125
2623.1875	361.875
2624.6875	361.7421875
2626.1875	361.7265625
2627.6875	361.828125
2629.1875	362.3046875
2630.6875	363.15625
2632.1875	364.3828125
2633.6875	365.984375
2635.1875	367.9609375
2636.6875	370.3125
2638.1875	373.0390625
2639.6875	376.140625
2641.1875	379.6171875
2642.6875	383.46875
2644.1875	387.6953125
2645.6875	391.6953125
2647.1875	396.0703125
2648.6875	400.0703125
2650.1875	404.4453125
2651.6875	408.4453125
2653.1875	412.8203125
2654.6875	416.8203125
2656.1875	421.1953125
2657.6875	425.1953125
2659.1875	429.5703125
2660.6875	432.5703125
2662.125	432.5703125
2663.5	432.5703125
2664.875	432.5703125
2666.1875	432.5703125
2667.5	432.5703125
2668.75	432.5703125
2669.9375	432.5703125
2671.125	432.5703125
2672.25	432.5703125
2673.375	432.5703125
2674.4375	432.5703125
2675.4375	432.5703125
2676.4375	432.5703125
2677.375	432.5703125
2678.3125	432.5703125
2679.1875	432.5703125
2680.0625	432.5703125
2680.875	432.5703125
2681.625	432.5703125
2682.375	432.5703125
2683.0625	432.5703125
2683.75	432.5703125
2684.4375	428
2685.125	424.125
2685.8125	420.375
2686.5	416.75
2687.1875	413.25
2687.875	409.875
2688.5625	408.625
2689.25	410.5
2689.9375	412.8125
2690.625	415.5625
2691.3125	418.75
2692	422.375
2692.6875	426.4375
2693.375	430.4375
2694.0625	432.875
2694.6875	432.875
2695.25	432.875
2695.8125	432.875
2696.3125	432.875
2696.8125	432.875
2697.25	432.875
2697.625	432.875
2698	432.875
2698.3125	432.875
2698.625	432.875
2698.875	432.875
2699.0625	432.875
2699.25	432.875
2699.375	432.875
2699.5	432.875
2699.5625	432.875
2699.5625	432.875
2699.5625	432.875
2699.5625	432.875
2699.5625	432.875
2699.5625	432.875
2699.5625	432.875
2699.5625	432.875
2699.5625	432.875
2699.5	432.875
2699.375	432.875
2699.25	432.875
2699.0625	432.875
2698.875	432.875
2698.625	432.875
2698.3125	432.875
2698	432.875
2697.625	432.875
2697.25	432.875
2696.8125	432.875
2696.3125	432.875
2695.8125	432.875
2695.25	432.875
2694.6875	432.875
2694.0625	432.875
2693.375	432.875
2692.6875	432.875
2691.9375	432.875
2691.1875	432.875
2690.375	432.875
2689.5	432.875
2688.625	432.875
2687.6875	432.875
2686.75	432.875
2685.75	432.875
2684.6875	432.875
2683.625	432.875
2682.5	432.875
2681.375	432.875
2680.1875	432.875
2679	432.875
2677.75	432.875
2676.4375	432.875
2675.125	432.875
2673.75	432.875
2672.375	432.875
2670.9375	432.875
2669.4375	432.875
2667.9375	432.875
2666.4375	432.875
2664.9375	432.875
2663.4375	432.875
2661.9375	432.875
2660.5	432.875
2659.125	432.875
2657.75	432.875
2656.4375	432.875
2655.25	428
2654.125	424.1171875
2653.0625	420.3515625
2652.0625	416.703125
2651.125	413.171875
2650.25	409.7578125
2649.5	406.4609375
2648.8125	403.28125
2648.1875	400.21875
2647.625	397.2734375
2647.125	394.4453125
2646.75	391.734375
2646.4375	389.140625
2646.1875	386.6640625
2646	384.3046875
2645.875	382.0625
2645.875	379.9375
2645.9375	377.9296875
2646	376.0390625
2646.125	374.265625
2646.3125	372.609375
2646.5	371.0703125
2646.75	369.6484375
2647	368.34375
2647.3125	367.15625
2647.625	366.0859375
2648	365.1328125
2648.4375	364.296875
2648.875	363.578125
2649.375	362.9765625
2649.875	362.4921875
2650.4375	362.125
2651.0625	361.875
2651.6875	361.7421875
2652.375	361.7265625
2653.0625	361.828125
2653.8125	362.3046875
2654.625	363.15625
2655.4375	364.3828125
2656.3125	365.984375
2657.1875	367.9609375
2658.125	370.3125
2659.125	373.0390625
2660.125	376.140625
2661.1875	379.6171875
2662.25	383.46875
2663.375	387.6953125
2664.5625	391.6953125
2665.75	396.0703125
2667	400.0703125
2668.25	404.4453125
2669.5625	408.4453125
2670.9375	412.8203125
2672.3125	416.8203125
2673.75	421.1953125
2675.1875	425.1953125
2676.6875	429.5703125
2678.1875	432.5703125
2679.6875	432.5703125
2681.1875	432.5703125
2682.6875	432.5703125
2684.1875	432.5703125
2685.6875	432.5703125
2687.1875	432.5703125
2688.6875	432.5703125
2688.6875	432.5703125
2688.6875	432.5703125
2688.6875	432.5703125
2688.6875	432.5703125
2688.6875	432.5703125
2688.6875	432.5703125
2688.6875	432.5703125
2688.6875	432.5703125
2688.6875	432.5703125
2688.6875	432.5703125
2688.6875	432.5703125
2688.6875	432.5703125
2688.6875	432.5703125
2688.6875	432.5703125
2688.6875	432.5703125
2688.6875	432.5703125
2688.6875	432.5703125
2688.6875	432.5703125
2688.6875	432.5703125
2688.6875	432.5703125
2688.6875	432.5703125
2688.6875	432.5703125
2688.6875	432.5703125
2688.6875	432.5703125
2688.6875	432.5703125
2688.6875	432.5703125
2688.6875	432.5703125
2688.6875	432.5703125
2688.6875	432.5703125
2688.6875	432.5703125
2688.6875	432.5703125
2688.6875	432.5703125
2688.6875	432.5703125
2688.6875	432.5703125
2688.6875	432.5703125
2688.6875	432.5703125
2688.6875	432.5703125
2688.6875	432.5703125
2688.6875	432.5703125
2688.6875	432.5703125
2688.6875	432.5703125
2688.6875	432.5703125
2688.6875	432.5703125
2688.6875	432.5703125
2688.6875	432.5703125
2688.6875	432.5703125
2688.6875	432.5703125
2688.6875	432.5703125
2688.6875	432.5703125
2688.6875	432.5703125
2688.6875	432.5703125
2688.6875	432.5703125
2688.6875	432.5703125
2688.6875	432.5703125
2688.6875	432.5703125
2690.1875	432.5703125
2691.6875	432.5703125
2693.1875	432.5703125
2694.6875	432.5703125
2696.1875	432.5703125
2697.6875	432.5703125
2699.1875	432.5703125
2700.6875	432.5703125
2702.1875	432.5703125
2703.6875	432.5703125
2705.1875	432.5703125
2706.6875	432.5703125
2708.1875	432.5703125
2709.6875	432.5703125
2711.1875	432.5703125
2712.6875	432.5703125
2714.1875	432.5703125
2715.6875	432.5703125
2717.1875	432.5703125
2718.6875	432.5703125
2720.1875	432.5703125
2721.6875	432.5703125
2723.1875	432.5703125
2724.6875	432.5703125
2726.1875	432.5703125
2727.6875	432.5703125
2729.1875	432.5703125
2730.6875	432.5703125
2732.1875	432.5703125
2733.6875	432.5703125
2735.1875	432.5703125
2736.6875	432.5703125
2738.1875	432.5703125
2739.6875	432.5703125
2741.1875	432.5703125
2742.6875	432.5703125
2744.1875	432.5703125
2745.6875	432.5703125
2747.1875	432.5703125
2748.6875	432.5703125
2750.1875	432.5703125
2751.6875	432.5703125
2753.1875	432.5703125
2754.6875	432.5703125
2756.1875	432.5703125
2757.6875	432.5703125
2759.1875	432.5703125
2760.6875	432.5703125
2762.1875	432.5703125
2763.6875	432.5703125
2765.1875	432.5703125
2766.6875	432.5703125
2768.1875	432.5703125
2769.6875	432.5703125
2771.1875	432.5703125
2772.6875	432.5703125
2774.1875	432.5703125
2775.6875	432.5703125
2777.1875	432.5703125
2778.6875	432.5703125
2780.1875	432.5703125
2781.6875	432.5703125
2783.1875	432.5703125
2784.6875	432.5703125
2786.1875	432.5703125
2787.6875	432.5703125
2789.1875	432.5703125
2790.6875	432.5703125
2792.1875	432.5703125
2793.6875	432.5703125
2795.1875	432.5703125
2796.6875	432.5703125
2798.1875	432.5703125
2799.6875	432.5703125
2801.1875	432.5703125
2802.6875	432.5703125
2804.1875	432.5703125
2805.6875	432.5703125
2807.1875	432.5703125
2808.6875	432.5703125
2810.1875	432.5703125
2811.6875	432.5703125
2813.1875	432.5703125
2814.6875	428
2816.1875	424.1171875
2817.6875	420.3515625
2819.1875	416.703125
2820.6875	413.171875
2822.1875	409.7578125
2823.6875	406.4609375
2825.1875	403.28125
2826.6875	400.21875
2828.1875	397.2734375
2829.6875	394.4453125
2831.1875	391.734375
2832.6875	389.140625
2834.1875	386.6640625
2835.6875	384.3046875
2837.1875	382.0625
2838.6875	379.9375
2840.1875	377.9296875
2841.6875	376.0390625
2843.1875	374.265625
2844.6875	372.609375
2846.1875	371.0703125
2847.6875	369.6484375
2849.1875	368.34375
2850.6875	367.15625
2852.1875	366.0859375
2853.6875	365.1328125
2855.1875	364.296875
2856.6875	363.578125
2858.1875	362.9765625
2859.6875	362.4921875
2861.1875	362.125
2862.6875	361.875
2864.1875	361.7421875
2865.6875	361.7265625
2867.1875	361.828125
2868.6875	362.3046875
2870.1875	363.15625
2871.6875	364.3828125
2873.1875	365.984375
2874.6875	367.9609375
2876.1875	370.3125
2877.6875	373.0390625
2879.1875	376.140625
2880.6875	379.6171875
2882.1875	383.46875
2883.6875	387.6953125
2885.1875	391.6953125
2886.6875	396.0703125
2888.1875	400.0703125
2889.6875	400.0703125
2891.1875	400.0703125
2892.6875	400.0703125
2894.1875	400.0703125
2895.6875	400.0703125
2897.1875	400.4453125
2898.6875	401.1953125
2900.1875	400.3203125
2901.6875	400.3203125
2903.1875	400.3203125
2904.6875	400.3203125
2906.1875	400.3203125
2907.6875	400.3203125
2909.1875	400.3203125
2910.6875	400.3203125
2912.1875	400.3203125
2913.6875	400.3203125
2914.1875	400.3203125
2914.1875	400.3203125
2914.25	400.3203125
2914.3125	400.3203125
2914.4375	400.3203125
2914.625	396
2914.8125	392.125
2915.0625	388.375
2915.3125	384.75
2915.625	381.25
2916	377.875
2916.375	374.625
2916.8125	371.5
2917.25	368.5
2917.75	365.625
2918.3125	362.875
2918.875	360.25
2919.5	357.75
2920.125	355.375
2920.8125	353.125
2921.5625	351
2922.3125	349
2923.125	347.125
2923.9375	345.375
2924.8125	343.75
2925.75	342.25
2926.6875	340.875
2927.6875	339.9375
2928.6875	339.4375
2929.75	339.375
2930.875	339.75
2932	340.5625
2933.1875	341.8125
2934.375	343.5
2935.625	345.625
2936.875	348.1875
2938.1875	351.1875
2939.5625	354.625
2940.9375	358.5
2942.375	362.8125
2943.8125	366.8125
2945.3125	368.25
2946.8125	368.25
2947.3125	368.25
2946.3125	368.25
2946.3125	368.25
2946.375	368.25
2946.4375	368.25
2946.5625	368.25
2946.75	368.25
2946.9375	368.25
2946.1875	368.25
2946.1875	368.25
2946.1875	368.25
2946.25	368.25
2946.375	364
2946.5	360.125
2946.6875	356.375
2946.875	352.75
2947.125	349.25
2947.4375	345.875
2947.75	342.625
2948.125	339.5
2948.5	336.5
2948.9375	333.625
2949.4375	330.875
2949.9375	328.25
2950.5	325.75
2951.0625	323.375
2951.6875	321.125
2952.3125	319
2953	317
2953.75	315.125
2954.5	313.375
2955.3125	311.75
2956.125	310.25
2957	308.875
2957.9375	307.625
2958.875	306.5
2959.875	305.5
2960.875	304.625
2961.9375	303.875
2963.0625	303.25
2964.1875	302.75
2965.375	302.375
2966.5625	302.125
2967.8125	302
2969.125	302
2970.4375	302.4375
2971.8125	303.3125
2973.1875	304.625
2974.625	306.375
2976.125	308.5625
2977.625	311.1875
2979.125	314.25
2980.625	317.75
2982.125	320.6875
2983.625	320.6875
2985.125	320.6875
2986.625	320.6875
2988.125	320.6875
2989.625	320.6875
2991.125	320.6875
2992.625	320.6875
2994.125	320.6875
2994.625	320.6875
2994.625	320.6875
2994.6875	320.6875
2994.75	320.6875
2994.875	320.6875
2994.0625	320.6875
2994.0625	320.6875
2994.0625	320.6875
2994.125	320.6875
2994.1875	320.6875
2994.3125	320.6875
2994.5	320.6875
2994.6875	320.6875
2994.9375	320.6875
2994.1875	320.6875
2994.1875	316
2994.25	312.125
2994.375	308.375
2994.5	304.75
2994.6875	301.25
2994.875	298.1875
2995.125	295.5625
2995.4375	293.375
2995.75	291.625
2996.125	290.3125
2996.5	289.4375
2996.875	289
2997.25	289
2997.625	289.4375
2998	290.3125
2998.375	291.625
2998.75	293.375
2999.125	295.5625
2999.5	298.1875
2999.875	301.25
3000.25	304.75
3000.5625	304.75
3000.875	304.75
3001.125	304.75
3001.3125	304.75
3001.5	304.75
3001.625	304.75
3001.75	304.75
3001.8125	304.75
3001.8125	304.75
3001.8125	304.75
3001.8125	304.75
3001.8125	304.75
3001.8125	304.75
3001.8125	304.75
3001.8125	304.75
3001.875	304.75
3002	304.75
3002.125	304.75
3002.3125	304.75
3002.5	304.75
3002.75	304.75
3003.0625	304.75
3003.375	304.75
3003.75	304.75
3004.125	304.75
3004.5625	304.75
3005.0625	304.75
3005.5625	304.75
3006.125	304.75
3006.6875	304.75
3007.3125	304.75
3007.9375	304.75
3008.625	304.75
3009.375	304.75
3010.125	304.75
3010.9375	304.75
3011.75	304.75
3012.625	300
3013.5625	296.125
3014.5	292.375
3015.5	288.75
3016.5	285.25
3017.5625	281.875
3018.6875	278.625
3019.8125	275.5
3021	272.5
3022.1875	269.625
3023.4375	266.875
3024.75	264.25
3026.0625	261.75
3027.4375	259.375
3028.8125	257.125
3030.25	255
3031.75	253
3033.25	251.125
3034.75	249.375
3036.25	247.75
3037.75	246.25
3039.25	244.875
3040.75	243.625
3042.25	242.5
3043.75	241.5
3045.25	240.625
3046.75	239.875
3048.25	239.25
3049.75	238.75
3051.25	238.375
3052.75	238.125
3054.25	238
3055.75	238
3057.25	238.4375
3058.75	239.3125
3060.25	240.625
3061.75	242.375
3063.25	244.5625
3064.75	247.1875
3066.25	250.25
3067.75	253.75
3069.25	257.6875
3070.75	262.0625
3072.25	266.0625
3073.75	270.5
3075.25	274.5
3076.75	278.9375
3078.25	282.9375
3079.75	287.375
3081.25	291.375
3082.75	295.8125
3084.25	299.8125
3085.75	304.25
3087.25	308.25
3088.75	312.6875
3090.25	316.6875
3091.75	321.125
3093.25	325.125
3094.75	329.5625
3096.25	333.5625
3097.75	338
3099.25	342
3100.75	346.4375
3102.25	350.4375
3103.75	354.875
3105.25	358.875
3106.75	363.3125
3108.25	367.3125
3109.75	371.75
3111.25	375.75
3112.75	380.1875
3114.25	384.1875
3115.75	388.625
3117.25	392.625
3118.75	397.0625
3120.25	401.0625
3121.75	405.5
3123.25	409.5
3124.75	413.9375
3126.25	417.9375
3127.75	422.375
3129.25	426.375
3130.75	430.8125
3132.25	432.8125
3133.75	432.8125
3135.25	432.8125
3136.75	432.8125
3138.25	432.8125
3139.75	432.8125
3141.25	432.8125
3142.75	432.8125
3144.25	432.8125
3145.75	432.8125
3147.25	432.8125
3148.75	432.8125
3150.25	432.8125
3151.75	428
3153.25	424.1171875
3154.75	420.3515625
3156.25	416.703125
3157.75	413.171875
3161.25	409.7578125
3161.25	411.75390625
3161.25	413.75
3161.25	415.74609375
3161.25	415.74609375
3161.25	415.74609375
3161.25	415.74609375
3161.25	415.74609375
3161.25	415.74609375
3161.25	415.74609375
3161.25	415.74609375
3161.25	415.74609375
3161.25	415.74609375
3161.25	415.74609375
3161.25	415.74609375
3161.25	415.74609375
3161.25	415.74609375
3161.25	415.74609375
3161.25	415.74609375
3161.25	415.74609375
3161.25	415.74609375
3161.25	415.74609375
3161.25	415.74609375
3161.25	415.74609375
3161.25	415.74609375
3161.25	415.74609375
3161.25	415.74609375
3161.25	415.74609375
3161.25	415.74609375
3161.25	415.74609375
3161.25	415.74609375
3161.25	415.74609375
3161.25	415.74609375
3161.25	415.74609375
3161.25	415.74609375
3161.25	415.74609375
3161.25	415.74609375
3161.25	415.74609375
3161.25	415.74609375
3161.25	415.74609375
3161.25	415.74609375
3161.25	415.74609375
3161.25	415.74609375
3161.25	415.74609375
3161.25	415.74609375
3161.25	415.74609375
3161.25	415.74609375
3161.25	415.74609375
3161.25	415.74609375
3161.25	415.74609375
3161.25	415.74609375
3161.25	415.74609375
3161.25	415.74609375
3161.25	415.74609375
3161.25	415.74609375
3161.25	415.74609375
3161.25	415.74609375
3161.25	415.74609375
3161.25	415.74609375
3161.25	415.74609375
3161.25	415.74609375
3161.25	415.74609375
3175.25	415.74609375
3175.25	415.74609375
3175.25	415.74609375
3175.25	415.74609375
3175.25	415.74609375
3175.25	415.74609375
3175.25	415.74609375
3175.25	415.74609375
3175.25	415.74609375
3175.25	415.74609375
3175.25	415.74609375
3175.25	415.74609375
3175.25	415.74609375
3175.25	415.74609375
3175.25	415.74609375
3175.25	415.74609375
3175.25	415.74609375
3175.25	415.74609375
3175.25	415.74609375
3175.25	415.74609375
3175.25	415.74609375
3175.25	415.74609375
3175.25	415.74609375
3175.25	415.74609375
3179.25	415.74609375
3179.3125	415.74609375
3179.4375	416.12109375
3179.625	416.12109375
3179.875	416.12109375
3180.125	416.12109375
3180.4375	416.12109375
3180.75	416.12109375
3181.125	416.12109375
3181.5625	416.12109375
3182	416.49609375
3182.5	417.24609375
3183	418.37109375
3183.5625	419.87109375
3184.1875	421.74609375
3184.8125	423.99609375
3185.5	426.62109375
3186.1875	429.62109375
3186.9375	432.99609375
3187.75	432.99609375
3188.5625	432.99609375
3189.4375	432.99609375
3190.3125	432.99609375
3191.25	432.99609375
3192.25	432.99609375
3193.25	432.99609375
3194.3125	432.99609375
3195.375	432.99609375
3196.5	432.99609375
3197.6875	432.99609375
3198.875	432.99609375
3200.125	432.99609375
3201.375	432.99609375
3202.6875	432.99609375
3204	432.99609375
3205.375	432.99609375
3206.8125	432.99609375
3208.25	432.99609375
3209.75	432.99609375
3211.25	432.99609375
3212.75	432.99609375
3214.25	432.99609375
3215.75	432.99609375
3217.25	432.99609375
3218.75	432.99609375
3220.25	432.99609375
3221.75	432.99609375
3223.25	432.99609375
3224.75	432.99609375
3226.25	432.99609375
3227.75	432.99609375
3229.25	432.99609375
3230.75	432.99609375
3232.25	432.99609375
3233.75	432.99609375
3235.25	432.99609375
3236.75	432.99609375
3238.25	432.99609375
3239.75	432.99609375
3241.25	432.99609375
3242.75	432.99609375
3244.25	432.99609375
3245.75	432.99609375
3247.25	432.99609375
3248.75	432.99609375
3250.25	432.99609375
3251.75	432.99609375
3253.25	432.99609375
3254.75	432.99609375
3256.25	432.99609375
3257.75	432.99609375
3259.25	432.99609375
3260.75	432.99609375
3262.25	432.99609375
3263.75	432.99609375
3265.25	432.99609375
3266.75	432.99609375
3267.25	432.99609375
3266.25	432.99609375
3266.25	432.99609375
3266.3125	432.99609375
3266.375	432.99609375
3266.5	432.99609375
3266.625	432.99609375
3266.8125	432.99609375
3266.0625	432.99609375
3266.0625	432.99609375
3266.0625	432.99609375
3266.125	432.99609375
3266.1875	432.99609375
3266.3125	432.99609375
3266.5	432.99609375
3266.6875	432.99609375
3266.9375	432.99609375
3266.1875	432.99609375
3266.1875	432.99609375
3266.25	432.99609375
3266.375	432.99609375
3266.5	432.99609375
3266.6875	432.99609375
3266.875	432.99609375
3266.125	432.99609375
3266.125	432.99609375
3266.125	432.99609375
3266.1875	432.99609375
3266.3125	432.99609375
3266.4375	432.99609375
3266.625	432.99609375
3266.8125	432.99609375
3266.0625	432.99609375
3266.0625	432.99609375
3266.125	432.99609375
3266.1875	432.99609375
3266.3125	432.99609375
3266.4375	432.99609375
3266.625	432.99609375
3266.875	432.99609375
3266.125	432.99609375
3266.125	432.99609375
3266.1875	432.99609375
3266.25	432.99609375
3266.375	432.99609375
3266.5625	432.99609375
3266.75	432.99609375
3266	432.99609375
3266	432.99609375
3266	432.99609375
3266.0625	432.99609375
3266.1875	432.99609375
3266.3125	432.99609375
3266.5	432.99609375
3266.6875	432.99609375
3266.9375	432.99609375
3266.25	432.99609375
3266.25	432.99609375
3266.25	432.99609375
3266.3125	432.99609375
3266.375	432.99609375
3266.5	432.99609375
3266.625	432.99609375
3266.8125	432.99609375
3266.0625	432.99609375
3266.0625	432.99609375
3266.0625	432.99609375
3266.125	432.99609375
3266.1875	432.99609375
3266.3125	432.99609375
3266.5	432.99609375
3266.6875	432.99609375
3266.9375	432.99609375
3266.1875	432.99609375
3266.1875	432.99609375
3266.25	432.99609375
3266.375	432.99609375
3266.5	432.99609375
3266.6875	432.99609375
3266.875	432.99609375
3266.125	432.99609375
3266.125	432.99609375
3266.1875	432.99609375
3266.25	432.99609375
3266.375	432.99609375
3266.5	432.99609375
3266.6875	432.99609375
3266.9375	432.99609375
3266.1875	432.99609375
3266.1875	432.99609375
3266.25	432.99609375
3266.3125	432.99609375
3266.4375	432.99609375
3266.625	432.99609375
3266.8125	432.99609375
3266.0625	432.99609375
3266.0625	432.99609375
3266.0625	432.99609375
3266.125	432.99609375
3266.1875	432.99609375
3266.3125	432.99609375
3266.5	432.99609375
3266.6875	432.99609375
3266.9375	432.99609375
3266.1875	432.99609375
3266.1875	432.99609375
3266.25	432.99609375
3266.375	432.99609375
3266.5	432.99609375
3266.6875	432.99609375
3266.875	432.99609375
3266.125	432.99609375
3266.125	432.99609375
3266.1875	432.99609375
3266.25	432.99609375
3266.375	432.99609375
3266.5	432.99609375
3266.6875	432.99609375
3266.9375	432.99609375
3266.1875	432.99609375
3266.1875	432.99609375
3266.25	432.99609375
3266.3125	432.99609375
3266.4375	432.99609375
3266.625	432.99609375
3266.8125	432.99609375
3266.0625	432.99609375
3266.0625	432.99609375
3266.0625	432.99609375
3266.125	432.99609375
3266.25	432.99609375
3266.375	432.99609375
3266.5625	432.99609375
3266.75	432.99609375
3266	432.99609375
3266	432.99609375
3266	432.99609375
3266.0625	432.99609375
3266.1875	432.99609375
3266.3125	432.99609375
3266.5	432.99609375
3266.6875	432.99609375
3266.9375	432.99609375
3266.25	432.99609375
3266.25	432.99609375
3266.25	432.99609375
3266.3125	432.99609375
3266.375	432.99609375
3266.5	432.99609375
3266.6875	432.99609375
3266.875	432.99609375
3266.125	432.99609375
3266.125	432.99609375
3266.125	432.99609375
3266.1875	432.99609375
3266.3125	432.99609375
3266.4375	432.99609375
3266.625	432.99609375
3266.8125	432.99609375
3266.0625	432.99609375
3266.0625	432.99609375
3266.125	432.99609375
3266.1875	432.99609375
3266.3125	432.99609375
3266.4375	432.99609375
3266.625	432.99609375
3266.875	432.99609375
3266.125	432.99609375
3266.125	432.99609375
3266.1875	432.99609375
3266.25	432.99609375
3266.375	432.99609375
3266.5	432.99609375
3266.6875	432.99609375
3266.9375	432.99609375
3266.1875	432.99609375
3266.1875	432.99609375
3266.25	432.99609375
3266.3125	432.99609375
3266.4375	432.99609375
3266.625	432.99609375
3266.8125	432.99609375
3266.0625	432.99609375
3266.0625	432.99609375
3266.0625	432.99609375
3266.125	432.99609375
3266.25	432.99609375
3266.375	432.99609375
3266.5625	432.99609375
3266.75	432.99609375
3266	432.99609375
3266	432.99609375
3266.0625	432.99609375
3266.125	432.99609375
3266.25	432.99609375
3266.375	432.99609375
3266.5625	432.99609375
3266.8125	432.99609375
3266.0625	432.99609375
3266.0625	432.99609375
3266.125	432.99609375
3266.1875	432.99609375
3266.3125	432.99609375
3266.5	432.99609375
3266.6875	432.99609375
3266.9375	432.99609375
3266.1875	432.99609375
3266.1875	432.99609375
3266.25	432.99609375
3266.3125	432.99609375
3266.4375	432.99609375
3266.625	432.99609375
3266.8125	432.99609375
3266.0625	432.99609375
3266.0625	432.99609375
3266.0625	432.99609375
3266.125	432.99609375
3266.25	432.99609375
3266.375	432.99609375
3266.5625	432.99609375
3266.75	432.99609375
3266	432.99609375
3266	432.99609375
3266.0625	432.99609375
3266.125	432.99609375
3266.25	432.99609375
3266.375	432.99609375
3266.5625	432.99609375
3266.8125	432.99609375
3266.0625	432.99609375
3266.0625	432.99609375
3266.125	432.99609375
3266.1875	432.99609375
3266.3125	432.99609375
3266.5	432.99609375
3266.6875	432.99609375
3266.9375	432.99609375
3266.1875	432.99609375
3266.1875	432.99609375
3266.25	432.99609375
3266.375	432.99609375
3266.5	432.99609375
3266.6875	432.99609375
3266.875	432.99609375
3266.125	432.99609375
3266.125	432.99609375
3266.125	432.99609375
3266.1875	432.99609375
3266.3125	432.99609375
3266.4375	432.99609375
3266.625	432.99609375
3266.8125	432.99609375
3266.0625	432.99609375
3266.0625	432.99609375
3266.125	432.99609375
3266.1875	432.99609375
3266.3125	432.99609375
3266.4375	432.99609375
3266.625	432.99609375
3266.875	432.99609375
3266.125	432.99609375
3266.125	432.99609375
3266.1875	432.99609375
3266.25	432.99609375
3266.375	432.99609375
3266.5625	432.99609375
3266.75	432.99609375
3266	432.99609375
3266	432.99609375
3266	432.99609375
3266.0625	432.99609375
3266.1875	432.99609375
3266.3125	432.99609375
3266.5	432.99609375
3266.6875	432.99609375
3266.9375	432.99609375
3266.25	432.99609375
3266.25	432.99609375
3266.25	432.99609375
3266.3125	432.99609375
3266.375	432.99609375
3266.5	432.99609375
3266.625	432.99609375
3266.8125	432.99609375
3266.0625	432.99609375
3266.0625	432.99609375
3266.0625	432.99609375
3266.125	432.99609375
3266.1875	432.99609375
3266.3125	432.99609375
3266.5	432.99609375
3266.6875	432.99609375
3266.9375	432.99609375
3266.1875	432.99609375
3266.1875	432.99609375
3266.25	432.99609375
3266.375	432.99609375
3266.5	432.99609375
3266.6875	432.99609375
3266.875	432.99609375
3266.125	432.99609375
3266.125	432.99609375
3266.1875	432.99609375
3266.25	432.99609375
3266.375	432.99609375
3266.5	432.99609375
3266.6875	432.99609375
3266.9375	432.99609375
3266.1875	432.99609375
3266.1875	432.99609375
3266.25	432.99609375
3266.3125	432.99609375
3266.4375	432.99609375
3266.625	432.99609375
3266.8125	432.99609375
3266.0625	432.99609375
3266.0625	432.99609375
3266.0625	432.99609375
3266.125	432.99609375
3266.1875	432.99609375
3266.3125	432.99609375
3266.5	432.99609375
3266.6875	432.99609375
3266.9375	432.99609375
3266.1875	432.99609375
3266.1875	432.99609375
3266.25	432.99609375
3266.375	432.99609375
3266.5	432.99609375
3266.6875	432.99609375
3266.875	432.99609375
3266.125	432.99609375
3266.125	432.99609375
3266.1875	432.99609375
3266.25	432.99609375
3266.375	432.99609375
3266.5	432.99609375
3266.6875	432.99609375
3266.9375	432.99609375
3266.1875	432.99609375
3266.1875	432.99609375
3266.25	432.99609375
3266.3125	432.99609375
3266.4375	432.99609375
3266.625	432.99609375
3266.8125	432.99609375
3266.0625	432.99609375
3266.0625	432.99609375
3266.0625	432.99609375
3266.125	432.99609375
3266.25	432.99609375
3266.375	432.99609375
3266.5625	432.99609375
3266.75	432.99609375
3266	432.99609375
3266	432.99609375
3266	432.99609375
3266.0625	432.99609375
3266.1875	432.99609375
3266.3125	432.99609375
3266.5	432.99609375
3266.6875	432.99609375
3266.9375	432.99609375
3266.25	432.99609375
3266.25	432.99609375
3266.25	432.99609375
3266.3125	432.99609375
3266.375	432.99609375
3266.5	432.99609375
3266.6875	432.99609375
3266.875	432.99609375
3266.125	432.99609375
3266.125	432.99609375
3266.125	432.99609375
3266.1875	432.99609375
3266.3125	432.99609375
3266.4375	432.99609375
3266.625	432.99609375
3266.8125	432.99609375
3266.0625	432.99609375
3266.0625	432.99609375
3266.125	432.99609375
3266.1875	432.99609375
3266.3125	432.99609375
3266.4375	432.99609375
3266.625	432.99609375
3266.875	432.99609375
3266.125	432.99609375
3266.125	432.99609375
3266.1875	432.99609375
3266.25	432.99609375
3266.375	432.99609375
3266.5	432.99609375
3266.6875	432.99609375
3266.9375	432.99609375
3266.1875	432.99609375
3266.1875	432.99609375
3266.25	432.99609375
3266.3125	432.99609375
3266.4375	432.99609375
3266.625	432.99609375
3266.8125	432.99609375
3266.0625	432.99609375
3266.0625	432.99609375
3266.0625	432.99609375
3266.125	432.99609375
3266.25	432.99609375
3266.375	432.99609375
3266.5625	432.99609375
3266.75	432.99609375
3266	432.99609375
3266	432.99609375
3266.0625	432.99609375
3266.125	432.99609375
3266.25	432.99609375
3266.375	432.99609375
3266.5625	432.99609375
3266.8125	432.99609375
3266.0625	432.99609375
3266.0625	432.99609375
3266.125	432.99609375
3266.1875	432.99609375
3266.3125	432.99609375
3266.5	432.99609375
3266.6875	432.99609375
3266.9375	432.99609375
3266.1875	432.99609375
3266.1875	432.99609375
3266.25	432.99609375
3266.3125	432.99609375
3266.4375	432.99609375
3266.625	432.99609375
3266.8125	432.99609375
3266	432